{"cameraMode":{"drawMode":0,"name":"Shaded","section":"Shading Mode"},"sceneLighting":false,"audioPlay":false,"sceneViewState":{"m_AlwaysRefresh":false,"showFog":true,"showSkybox":true,"showFlares":true,"showImageEffects":true,"showParticleSystems":true,"showVisualEffectGraphs":true,"m_FxEnabled":true},"in2DMode":false,"pivot":{"x":-4.686190605163574,"y":17.572059631347658,"z":7.650775909423828},"rotation":{"x":0.008690118789672852,"y":-0.005402787588536739,"z":-0.00004667595203500241,"w":-0.999950647354126},"size":15.854384422302246,"orthographic":false}